Sentences for Training ,"Sense of the word ""Bank"""
 I deposited my paycheck at the bank.,Financial Institution
The bank of the river was eroded by the heavy rains. ,River Border
She works at the bank as a teller. ,Financial Institution
Let's have a picnic by the bank of the river. ,River Border
The bank approved my loan application. ,Financial Institution
The fisherman cast his line near the bank of the river. ,River Border
We need to transfer funds between banks.,Financial Institution
The children built a sandcastle by the bank of the river. ,River Border
The bank is open from 9 am to 5 pm.,Financial Institution
Ducks were swimming peacefully along the bank of the river. ,River Border
I need to check my account balance at the bank.,Financial Institution
The campsite was situated by the bank of the river. ,River Border
She invested her savings in the stock market through the bank.,Financial Institution
"The trees shaded the bank of the river, creating a serene atmosphere. ",River Border
He withdrew cash from the ATM at the bank.,Financial Institution
The canoeists navigated along the winding bank of the river. ,River Border
The bank offers various financial services to its customers. ,Financial Institution
The water level rose dangerously close to the bank of the river.,River Border
They applied for a mortgage at the bank to buy a house. ,Financial Institution
We enjoyed a leisurely stroll along the bank of the river.,River Border
The bank's profits soared last quarter. ,Financial Institution
The otters frolicked by the bank of the river.,River Border
I need to check the interest rates at the bank. ,Financial Institution
The kids skipped stones across the calm bank of the river. ,River Border
She works as a financial analyst at the bank. ,Financial Institution
The bank of the river provided a natural barrier against flooding. ,River Border
We need to transfer money to our overseas bank account. ,Financial Institution
The sunset painted the bank of the river in vibrant hues. (River Border),River Border
The bank manager greeted customers with a warm smile. (Financial Institution),Financial Institution
The fishermen set up their gear near the bank of the river. (River Border),River Border
The bank's security system prevented the robbery. (Financial Institution),Financial Institution
The hikers followed the trail along the bank of the river. (River Border),River Border
hey're planning to open a new branch of the bank in the city center.,Financial Institution
The deer came to drink from the cool waters at the bank of the river.,River Border
The bank offered competitive interest rates on savings accounts. ,Financial Institution
The kayakers paddled downstream along the meandering bank of the river.,River Border
The bank provided a loan for the construction of our new home. ,Financial Institution
"The heron stood majestically on the bank of the river, waiting for its prey.",River Border
I need to visit the bank to deposit this check.,Financial Institution
The bank's headquarters are located in the financial district.,Financial Institution
The old oak tree marked the bend in the bank of the river.,River Border
I need to update my account information at the bank.,Financial Institution
The otters slid playfully down the muddy bank of the river.,River Border
The bank offers online banking services for convenience.,Financial Institution
The swans gracefully glided along the glassy bank of the river.,River Border
The kids skipped rocks across the smooth bank of the river.,River Border
She works as a loan officer at the bank. ,Financial Institution
The bank of the river was teeming with wildlife.,River Border
We need to check the exchange rates at the bank before traveling.,Financial Institution
The campers set up tents by the bank of the river.,River Border
The bank provided financial assistance to small businesses.,Financial Institution
The sound of rushing water echoed along the bank of the river.,River Border
I need to schedule a meeting with the bank manager.,Financial Institution
The willow trees swayed gently along the bank of the river.,River Border
The bank offers credit cards with attractive rewards.,Financial Institution
The children collected pebbles along the bank of the river.,River Border
 The bank's security guard apprehended the thief.,Financial Institution
The picnic blanket was spread out on the grassy bank of the river.,River Border
 I need to transfer money to my sister's bank account.,Financial Institution
The beavers built a dam along the bank of the river.,River Border
She works as a financial advisor at the bank.,Financial Institution
The bank of the river was home to a variety of aquatic plants.,River Border
I need to update my banking information for direct deposit. ,Financial Institution
The children caught tadpoles along the shallow bank of the river. ,River Border
The bank offers investment opportunities for long-term growth. ,Financial Institution
The sun set behind the tall trees lining the bank of the river. ,River Border
I need to deposit this check into my savings account at the bank.,Financial Institution
The rocks along the bank of the river were smooth from years of erosion. ,River Border
The bank provides excellent customer service.,Financial Institution
The heron perched on a branch overlooking the bank of the river. ,River Border
I need to update my online banking password.,Financial Institution
The children splashed in the shallows along the bank of the river.,River Border
The bank's corporate headquarters are located in the city.,Financial Institution
The moonlight shimmered on the still waters along the bank of the river. ,River Border
 I need to transfer funds between my checking and savings accounts at the bank. ,Financial Institution
The reeds rustled softly along the bank of the river. ,River Border
 The bank offers retirement planning services. ,Financial Institution
The swimmers crossed the river by holding onto the bank.,River Border
I need to check my balance at the bank. ,Financial Institution
The ducks waddled along the muddy bank of the river. ,River Border
She works as a financial planner at the bank. ,Financial Institution
The bank of the river provided a natural habitat for frogs and turtles. ,River Border
I need to make a withdrawal from the ATM at the bank.,Financial Institution
The rowers raced along the straight bank of the river. ,River Border
I need to visit the bank to apply for a credit card. ,Financial Institution
The fishermen cast their lines from the rocky bank of the river. ,River Border
The bank offers competitive mortgage rates.,Financial Institution
The canoeists navigated through the narrow bank of the river. ,River Border
The children built sandcastles along the sandy bank of the river.,River Border
The otters played along the grassy bank of the river. ,River Border
The bank of the river was a popular spot for picnics.,River Border
I need to deposit this check into my checking account at the bank. ,Financial Institution
The children skipped stones across the calm bank of the river. ,River Border
"Identify the sense of the ambiguous word ""bank"" in the sentences given below",
The children built a dam on the bank of the river using rocks and sticks.,?
We need to withdraw some cash from the bank for groceries.,?
I need to update my contact information with the bank. ,?
The bank provides online banking services for convenience. ,?
The beavers constructed a dam along the bank of the river.,?
I need to check my transaction history at the bank. ,?
She works as a financial consultant at the bank. ,?
